ベストのラップトップ,1,ノートパソコンのおすすめ20選【2025年最新版】,https://www.sofmap.com/contents/?id=nw_pc_select&sid=0
ベストのラップトップ,2,ノートパソコン ユーザーもおすすめ！人気売れ筋ランキング ...,https://kakaku.com/pc/note-pc/ranking_0020/
ベストのラップトップ,3,【徹底比較】ノートパソコンのおすすめ人気ランキング【初心者・ ...,https://my-best.com/14726
ベストのラップトップ,4,【2025年】ノートパソコンのおすすめ30選 初心者や大学生など ...,https://www.biccamera.com/bc/i/topics/notebook/index.jsp
ベストのラップトップ,5,HPCG、HPL-AIにおいて4期連続の世界第1位を獲得 | 理化学研究所,https://www.riken.jp/pr/news/2021/20211116_2/
ベストのラップトップ,6,ノートパソコンとデスクトップの違いは？ それぞれの特徴を解説！,https://www.fuyohin23.net/blog/?p=937
ベストのラップトップ,7,パソコンの寿命は何年？よくある症状や寿命を延ばす方法を解説,https://www.mouse-jp.co.jp/mouselabo/entry/2024/06/17/100081
ベストのラップトップ,8,ネット死語：あなたのPCは「ラップトップ」？ - ITmedia PC USER,https://www.itmedia.co.jp/pcuser/articles/1602/24/news032.html
ベストのラップトップ,9,Best Laptops of 2025,https://www.cnet.com/tech/computing/best-laptop/
ベストのラップトップ,10,【徹底比較】15〜16インチのノートパソコンのおすすめ人気 ...,https://my-best.com/14727
ベストのラップトップ,11,現役販売員がおすすめ！ノートパソコン17選【2025年最新版】,https://www.nojima.co.jp/support/koneta/179543/
ベストのラップトップ,12,《2025年》ノートパソコンおすすめ21選 初心者やコスパ優先 ...,https://kakakumag.com/pc-smartphone/?id=9432
ベストのラップトップ,13,ノートパソコンはサイズが重要！持ち運びやすい・使い ...,https://www.nec-lavie.jp/products/contents/best-pc-size-for-you.html
ベストのラップトップ,14,【2025年プロが選ぶ】ノートパソコンおすすめ20選！買っては ...,https://picky-s.jp/notebook-computer/
暗号通貨ニュース,1,CoinPost｜仮想通貨ビットコインニュース・投資情報,https://coinpost.jp/
暗号通貨ニュース,2,最新特集 仮想通貨ニュース,https://jp.reuters.com/markets/cryptocurrency/
暗号通貨ニュース,3,最新の仮想通貨ニュース｜コインテレグラフ（Cointelegraph）,https://jp.cointelegraph.com/tags/cryptocurrencies
暗号通貨ニュース,4,「ビットコインの25年の目標価格は平均値50万ドルで変更なし」PlanB ...,https://coinpost.jp/?p=585140
暗号通貨ニュース,5,ビットコインなどの仮想通貨の税金はいくらから？500万だといくら？,https://www.mmea.biz/4534/
暗号通貨ニュース,6,仮想通貨でこれから伸びる銘柄と過去の1000倍銘柄【2025年】,https://jp.cointelegraph.com/gaming/cryptocurrency-that-will-1000x/
暗号通貨ニュース,7,仮想通貨(ビットコイン)が暴落・急落する理由は？買い時や対処法,https://diamond.jp/crypto/market/crash/
暗号通貨ニュース,8,新着一覧 | CoinPost｜仮想通貨ビットコインニュース・投資情報,https://coinpost.jp/?cat=313
暗号通貨ニュース,9,CoinDesk JAPAN（コインデスク・ジャパン） | 暗号資産 ...,https://www.coindeskjapan.com/
暗号通貨ニュース,10,暗号資産(仮想通貨)ニュース,https://cc.minkabu.jp/news
暗号通貨ニュース,11,暗号資産のニュース一覧,https://www3.nhk.or.jp/news/word/0000481.html
暗号通貨ニュース,12,「暗号資産（仮想通貨）」を日経が解説・最新ニュース一覧,https://www.nikkei.com/topics/20030608
暗号通貨ニュース,13,コインテレグラフ ジャパン | 仮想通貨+Web3.0の最新ニュース ...,https://jp.cointelegraph.com/
最新のスマートフォン,1,スマートフォン・格安スマホ 最新人気機種ランキング【2025年1月】,https://kakaku.com/keitai/smartphone/
最新のスマートフォン,2,2024年に売れたスマートフォンTOP10、iPhoneが ...,https://news.yahoo.co.jp/articles/71aa9c4a1f02658f463620471898d9d2e1381587
最新のスマートフォン,3,【2024年最新】買ってはいけないスマホランキング｜評判悪い機種は？,https://linx-as.co.jp/pedia/no-buy_smartphone_ranking/
最新のスマートフォン,4,【2024秋冬】ドコモスマホの新機種発売！最新モデルを比較,https://www.showcase-tv.com/mobile/dcm-new-model-info/
最新のスマートフォン,5,世界のスマートフォンのシェア率とは？日本のスマホシェア率は世界的に ...,https://smahospital.jp/column/recommend/108992/
最新のスマートフォン,6,スマートフォン 最新人気機種ランキング【2025年1月】（2ページ目）,https://kakaku.com/keitai/smartphone/?pdf_pg=2
最新のスマートフォン,7,【2025年1月最新】スマホおすすめランキング｜評判の良い15 ...,https://mobile.hamic.ai/smartphone-osusume/
最新のスマートフォン,8,Android スマートフォン | 製品,https://www.docomo.ne.jp/product/android_smartphone.html
最新のスマートフォン,9,ケータイ Watch: スマホ＆携帯電話の最新情報・ニュース,https://k-tai.watch.impress.co.jp/
最新のスマートフォン,10,スマートフォン（Android スマホ） | 製品,https://www.au.com/mobile/product/smartphone/
最新のスマートフォン,11,スマートフォン・携帯電話 | ソフトバンク,https://www.softbank.jp/mobile/products/smartphone/
最新のスマートフォン,12,スマホおすすめランキング10選【2025年1月最新版】iPhone ...,https://www.reyuu-japan.com/mobile/smartphone-ranking/
最新のスマートフォン,13,スマートフォン本体 の新着ランキングです。,https://www.amazon.co.jp/gp/new-releases/electronics/2497181051
最新のスマートフォン,14,Galaxyの最新スマートフォン - スペック・価格,https://www.samsung.com/jp/smartphones/?srsltid=AfmBOoqqUx71qoNe599Pal_ZIWPv_LEtWli80FdIR7W4B5NslqtQV_J4
人気の旅行先,1,人気の国内旅行先ランキング～冬編,https://www.tour.ne.jp/j_special/ranking/
人気の旅行先,2,行ってよかった旅行先ランキング、国内1位は「函館」 - トラベルボイス,https://www.travelvoice.jp/20151127-54854
人気の旅行先,3,（キッズ外務省）日本人が多く訪問している国・地域,https://www.mofa.go.jp/mofaj/kids/ranking/kaigai.html
人気の旅行先,4,「2024年夏の国内旅行先」人気ランキング！ 2位は「東京都」,https://nlab.itmedia.co.jp/research/articles/2866172/
人気の旅行先,5,国内旅行で人気「行ってよかった」都道府県ランキングTOP10 ...,https://macaro-ni.jp/109977
人気の旅行先,6,小旅行におすすめ！三連休に行ける国内の ...,https://www.nta.co.jp/media/tripa/articles/SfrDL
人気の旅行先,7,【2025年度版】今年行きたい海外旅行先は？人気 ...,https://www.nta.co.jp/media/tripa/articles/bi5fi
人気の旅行先,8,学生旅行・卒業旅行におすすめの旅行先ランキング,https://www.hankyu-travel.com/gakusei/ranking/
人気の旅行先,9,人気の国内旅行先ランキング～春編,https://www.tour.ne.jp/j_special/ranking/index_spring/
人気の旅行先,10,日本のおすすめ観光スポット | 国内旅行【JTB】,https://www.jtb.co.jp/kokunai-guide/
人気の旅行先,11,日本を代表する観光名所14選！知っておきたい定番スポット ...,https://www.knt.co.jp/travelguide/kokunai/024/
人気の旅行先,12,国内旅行で人気「行ってよかった」都道府県ランキングTOP10 ...,https://macaro-ni.jp/109977
人気の旅行先,13,【2024】一度は行きたい！日本全国「定番観光スポット」47選,https://www.jalan.net/news/article/145790/
人気の旅行先,14,【2019年】国内旅行先 年間人気上昇エリアランキング,https://travel.rakuten.co.jp/mytrip/ranking/trend
オーガニックスキンケア,1,スキンケアの商品一覧,https://www.cosmekitchen-webstore.jp/Form/Product/ProductList.aspx?shop=0&cat=CAT101&srsltid=AfmBOoqhGHpMcDjxepHyb6ZctbKjPzWD83JKKB09iHy-ezN0eD3Zx6im
オーガニックスキンケア,2,【楽天市場】オーガニック スキンケアの通販,https://search.rakuten.co.jp/search/mall/%E3%82%AA%E3%83%BC%E3%82%AC%E3%83%8B%E3%83%83%E3%82%AF+%E3%82%B9%E3%82%AD%E3%83%B3%E3%82%B1%E3%82%A2/
オーガニックスキンケア,3,今注目の「オーガニックコスメ・ナチュラルコスメ」ブランド18選,https://kinarino.jp/cat5/44811
オーガニックスキンケア,4,オーガニックスキンケアにおすすめのコスメを紹介！美容 ...,https://ethicame.com/shop/information/organic008
オーガニックスキンケア,5,プレゼントにもおすすめのオーガニックコスメブランド15選 ...,https://ethicame.com/shop/information/organic02
オーガニックスキンケア,6,【写真レビュー】N organicを使ってみた！気になる悪い口コミも検証,https://online.tipness.co.jp/magazine/n-organic/
オーガニックスキンケア,7,オーガニックコスメ・化粧品のプレゼント 人気ブランドランキング ...,https://bestpresent.jp/cosme/organic-cosme/
オーガニックスキンケア,8,Amazon.co.jp: オーガニック スキンケア,https://www.amazon.co.jp/%E3%82%AA%E3%83%BC%E3%82%AC%E3%83%8B%E3%83%83%E3%82%AF-%E3%82%B9%E3%82%AD%E3%83%B3%E3%82%B1%E3%82%A2/s?k=%E3%82%AA%E3%83%BC%E3%82%AC%E3%83%8B%E3%83%83%E3%82%AF+%E3%82%B9%E3%82%AD%E3%83%B3%E3%82%B1%E3%82%A2
オーガニックスキンケア,9,オーガニックスキンケアにおすすめのコスメを紹介！美容 ...,https://ethicame.com/shop/information/organic008?srsltid=AfmBOoqY3nhRQwwqjN0UjQCdD2-nH2hHdfabmW6KUDJErYx_sXo8YJfY
オーガニックスキンケア,10,【公式】N organic オンライン通販サイト,https://sirok.jp/norganic?srsltid=AfmBOopi0SNExsZwB4rSZJ7LqOoocbD4_vTYgYuVH9aFnOqcqutmnbMa
オーガニックスキンケア,11,オーガニックスキンケアで肌を育み,https://www.cosmekitchen-webstore.jp/Page/Lp/cosmekitchenskincare.aspx?srsltid=AfmBOoqrthyR3mCqIlqyCr_LVFVGCPzyZljPLWF6Ly_y-SI3sgBKO-5J
オーガニックスキンケア,12,国産オーガニックコスメ ネオナチュラル ［公式］,https://www.neo-natural.com/?srsltid=AfmBOopCfzi4jvXw3Frl0X_Xq6eLPeG1eY4R8zDywu6zI4XXKH6wiliz
オーガニックスキンケア,13,【楽天市場】 オーガニックコスメ・自然派コスメ > ≪スキンケア一覧,https://item.rakuten.co.jp/mugigokoro/c/0000000104/
オーガニックスキンケア,14,オーガニック植物成分がうるおいを与えるシリーズ,https://www.muji.com/jp/skincare/organic/
ゲーミングラップトップ,1,ゲーミングノートPC(パソコン) おすすめ10選 2025年版,https://www.sofmap.com/contents/?id=nw_ga_select&sid=note
ゲーミングラップトップ,2,ゲーミングノートPC ユーザーもおすすめ！人気売れ筋 ...,https://kakaku.com/pc/gaming-note/ranking_V078/
ゲーミングラップトップ,3,【2024年】ゲーミングノートPCのおすすめ22選 初心者向けや ...,https://www.biccamera.com/bc/i/topics/osusume_gamingpc_note/index.jsp
ゲーミングラップトップ,4,ノートパソコンの寿命は5年？寿命が近いときの症状と買い替え時期を解説,https://biccamera.rakuten.co.jp/c/topics/article/laptoppc/replace/
ゲーミングラップトップ,5,【徹底調査】ゲーミングPCのおすすめ人気ランキング【人気 ...,https://my-best.com/13416
ゲーミングラップトップ,6,ネット死語：あなたのPCは「ラップトップ」？ - ITmedia PC USER,https://www.itmedia.co.jp/pcuser/articles/1602/24/news032.html
ゲーミングラップトップ,7,ゲーミングPCの相場とは？価格に影響するスペックや安い値段で購入 ...,https://www.mouse-jp.co.jp/mouselabo/entry/2024/12/13/100136
ゲーミングラップトップ,8,ゲーミングノートPC GALLERIA（ガレリア）｜パソコン通販の ...,https://www.dospara.co.jp/TC143
ゲーミングラップトップ,9,Amazon.co.jp: 人気のゲーミングpcノートランキング,https://www.amazon.co.jp/%E4%BA%BA%E6%B0%97%E3%81%AE%E3%82%B2%E3%83%BC%E3%83%9F%E3%83%B3%E3%82%B0pc%E3%83%8E%E3%83%BC%E3%83%88%E3%83%A9%E3%83%B3%E3%82%AD%E3%83%B3%E3%82%B0/s?k=%E4%BA%BA%E6%B0%97%E3%81%AE%E3%82%B2%E3%83%BC%E3%83%9F%E3%83%B3%E3%82%B0pc%E3%83%8E%E3%83%BC%E3%83%88%E3%83%A9%E3%83%B3%E3%82%AD%E3%83%B3%E3%82%B0
ゲーミングラップトップ,10,ゲーミングノートPC - G TUNE - マウスコンピューター,https://www.mouse-jp.co.jp/store/r/ra3020200/
ゲーミングラップトップ,11,ゲーミングノートPC,https://jpstore.msi.com/shopbrand/GamingNote/
ゲーミングラップトップ,12,【徹底比較】ゲーミングノートPCのおすすめ人気ランキング19選 ...,https://my-best.com/2398
ゲーミングラップトップ,13,ゲーミングノートPCの違いは何？初心者向けに分かりやすく ...,https://www.lenovo.com/jp/ja/articletop/gaming/notebook/?srsltid=AfmBOoqCePYCTdrQK86hDGR9_zpELGnM5yWhMMzYYEV2aFSdXiLSzY63
ゲーミングラップトップ,14,ゲーミングノートPC 通販【全品無料配達】,https://www.yodobashi.com/category/19531/500000117014/500000116004/
フリーランスのコツ,1,未経験からフリーランスで成功する方法！必ず心がけるべき5 ...,https://labol.co.jp/columns/life/how-to-succeed-freelance-from-inexperienced/
フリーランスのコツ,2,フリーランスのデメリットとは？仕事のメリットや向いている人の特徴も ...,https://freelance-hub.jp/column/detail/506/
フリーランスのコツ,3,フリーランスの平均年収と手取りはいくら？中央値や職種別 ... - ラボル,https://labol.co.jp/columns/money/how-to-increase-your-freelance-salary/
フリーランスのコツ,4,フリーランスに向いている人の特徴とは？独立を検討する前に知っておき ...,https://crowdtech.jp/blog/11616/
フリーランスのコツ,5,フリーランスに必要な5つのスキル！習得のポイントとおすすめの職種,https://japan-design.jp/freelance/9157/
フリーランスのコツ,6,​フリーランスになるには？準備と始め方、活躍するコツとは【何 ...,https://www.engineer-factory.com/media/working/46/
フリーランスのコツ,7,フリーランスの仕事の取り方とは？初心者でもできる案件の探し ...,https://freelance-hub.jp/column/detail/555/
フリーランスのコツ,8,フリーランスの営業方法7選！案件獲得のコツや営業せず仕事 ...,https://itpropartners.com/blog/6776/
フリーランスのコツ,9,フリーランスのスキルアップの方法！稼げるフリーランスになる ...,https://magazine.sokudan.work/post/tips_141
フリーランスのコツ,10,フリーランスに必要なスキルを紹介！習得方法や成功のコツも ...,https://freelance.levtech.jp/guide/detail/492/
フリーランスのコツ,11,フリーランス初心者が成功するための7つのコツ,https://www.flashbackrecorder.com/ja/blog/7-beginner-freelancing-tips-for-success/
フリーランスのコツ,12,フリーランスになるには？必要となる準備や仕事を獲得するコツ ...,https://www.saisoncard.co.jp/credictionary/bussinesscard/article124.html
フリーランスのコツ,13,フリーランスの「稼ぐコツ」は、「帯で細く長く」仕事を受注 ...,https://treasurefoot.com/column/3957/
自宅でのトレーニングプラン,1,自宅でできる筋トレメニュー6選！1週間のトレーニング ...,https://online.tipness.co.jp/magazine/lesson-439/
自宅でのトレーニングプラン,2,自宅筋トレメニュー｜家でできるトレーニング17種目【画像 ...,https://melos.media/training/36561/
自宅でのトレーニングプラン,3,【筋トレ初心者向け】自宅でできる筋トレメニューを紹介！,https://www.morinaga.co.jp/protein/columns/detail/?id=120&category=muscle
自宅でのトレーニングプラン,4,【1週間メニュー付き】本気で結果を出す自重トレーニング総 ...,https://ufit.co.jp/blogs/training/bodyweighttraining?srsltid=AfmBOooiZmcWZOwDUA2A0OeN9oKX8mRZo10b55jOURStfIOssS1mpmlT
自宅でのトレーニングプラン,5,【プロ監修】最強自重トレーニング5種目！1週間のメニューを ...,https://online.tipness.co.jp/magazine/lesson-499/
自宅でのトレーニングプラン,6,【自宅筋トレメニュー】初心者が家で手軽にできるおすすめ種目5 ...,https://media.bizento.com/calisthenics/
自宅でのトレーニングプラン,7,【初心者向け】自宅・ジム別1週間の筋トレメニューの組み方をご ...,https://realworkout.jp/column/training/1week-muscletraining-menu/
自宅でのトレーニングプラン,8,筋肉が落ちる期間はどのくらい？何日休むと筋肉落ちてしまうのか？,https://lifetime-fitness.jp/hachioji/5264/
自宅でのトレーニングプラン,9,自宅筋トレをしてみるファーストステップ～どんなトレーニングを何 ...,https://diet-undeux.jp/media/firststep_jitakutraining/
自宅でのトレーニングプラン,10,自重トレーニングだけで体は変えられる？特徴やメニューを解説！,https://leadingedge-jp.com/column/training/p1714/
自宅でのトレーニングプラン,11,理想的な筋トレの頻度は？ジム初心者が長く続けるためのコツ,https://www.s-re.jp/magazine/health/73/
自宅でのトレーニングプラン,12,【自宅筋トレメニュー完全版】初心者も効果を実感する一週間の ...,https://bukiya.net/blog/workoutmenu/?srsltid=AfmBOorSVNSpg6VTN4ZiVT4nTUPhUOwUFxW3viIhTixSo3VAo_R_p-NY
自宅でのトレーニングプラン,13,家でできる筋トレメニュー：男性向けの効果的なトレーニング ...,https://oscar-formen.com/content/muscle-training-menu-that-you-can-do-at-home/
自宅でのトレーニングプラン,14,自重トレーニングとは？毎日やってもOKなおすすめメニューを紹介,https://www.descente.co.jp/media/sports/training/27958/
AIのトレンド2025,1,2025年AIトレンド予測 今年は何が流行る？ - 株式会社Nuco,https://nuco.co.jp/blog/article/iUL-FjZQ
AIのトレンド2025,2,2025 年に注目すべき 6 つの AI トレンド,https://news.microsoft.com/ja-jp/features/241206-6-ai-trends-youll-see-more-of-in-2025/
AIのトレンド2025,3,2025年の AIトレンド ：未来を変える技術,https://relipasoft.com/blog/ai-trend-in-2025/
AIのトレンド2025,4,2025年のAIトレンド予測：日本の産業にもたらす変革とは？,https://japan.zdnet.com/article/35227182/
AIのトレンド2025,5,2025年のAIトレンド：技術の未来を深掘り - Simplico,https://simplico.net/2025/01/02/top-ai-trends-of-2025-a-deep-dive-into-the-future-of-technology-ja/
AIのトレンド2025,6,AI トレンド 2025の展望：AI技術が切り開く未来,https://jp.linkedin.com/pulse/ai-%E3%83%88%E3%83%AC%E3%83%B3%E3%83%89-2025%E3%81%AE%E5%B1%95%E6%9C%9Bai%E6%8A%80%E8%A1%93%E3%81%8C%E5%88%87%E3%82%8A%E9%96%8B%E3%81%8F%E6%9C%AA%E6%9D%A5-sotatek-japan-uq1oc
AIのトレンド2025,7,2025年、「AI」はこう変わる！ 注目トレンド8選 - ITmedia,https://atmarkit.itmedia.co.jp/ait/articles/2412/26/news051.html
AIのトレンド2025,8,UiPath、レポート「自動化とAIのトレンド：2025年版」を発表,https://www.uipath.com/ja/newsroom/uipath-automation-and-ai-trends-report-2025
AIのトレンド2025,9,MIT Tech Review: 2025年のAIはこう動く！本誌が予測する5 ...,https://www.technologyreview.jp/s/353303/whats-next-for-ai-in-2025/
AIのトレンド2025,10,AIエージェントとは？2025年最大のAIトレンドになる？,https://chatgpt-enterprise.jp/blog/ai-agent-2025/
安い航空券,1,格安航空券の比較【スカイスキャナー】国内・海外・LCC飛行機 ...,https://www.skyscanner.jp/
安い航空券,2,格安航空券を比較・予約【エアトリ】｜飛行機チケット・LCC予約,https://www.airtrip.jp/
安い航空券,3,格安航空券さくらトラベル｜いちばん安い ...,https://www.sakuratravel.jp/
安い航空券,4,必見！海外航空券の安い時期と予約のタイミング  Trip it Easy,https://hotels.his-j.com/ct/tripiteasy/post-21694/
安い航空券,5,LCCはやめたほうがいい？二度と乗らないと言われる10個の理由と利用 ...,https://www.inakano-heroine.jp/should-i-stop-using-lcc
安い航空券,6,飛行機が安い時期はいつ？航空券をお得に購入するコツやタイミングを解説,https://tsugitsugi.com/tsugitsugi_style/article/topic-airline-cheaper-season/
安い航空券,7,【2025年】海外航空券を安く買う方法15選！フライト直前でも裏ワザ ...,https://jp.trip.com/guide/airline-deals/%E6%B5%B7%E5%A4%96%E8%88%AA%E7%A9%BA%E5%88%B8+%E5%AE%89%E3%81%8F%E8%B2%B7%E3%81%86%E6%96%B9%E6%B3%95.html
安い航空券,8,格安航空券・LCC・国内線・飛行機の予約・比較【 ...,https://www.tour.ne.jp/j_air/
安い航空券,9,国内格安航空券・飛行機予約・LCCチケット最安値検索 ...,https://skyticket.jp/
安い航空券,10,格安航空券ならエクスペディア｜国内・海外の飛行機チケットの ...,https://www.expedia.co.jp/air
安い航空券,11,ジェットスター: 格安航空券 | 飛行機 予約 | 最低価格保証 - Jetstar,https://www.jetstar.com/jp/ja/home
安い航空券,12,格安航空券モール｜（国内線）LCCの飛行機チケット予約・最 ...,https://airticket-mall.com/
安い航空券,13,格安航空券・国内線のLCC・飛行機チケット予約【HIS国内 ...,https://www.his-j.com/kokunai/air/
安い航空券,14,格安航空券・海外・国内のLCC飛行機チケットを比較・予約,https://jp.trip.com/flights/
デジタルマーケティングのコツ,1,デジタルマーケティング完全ガイド｜12の実践方法と成功事例,https://moltsinc.co.jp/media/knowledge/6941/
デジタルマーケティングのコツ,2,デジタルマーケティング戦略で重要なポイントとは？～ROIの可視化や ...,https://businesssolution.konicaminolta.jp/business/solution/digitalmarketing/column/2017/1110-dm-strategy/index.html
デジタルマーケティングのコツ,3,デジタルマーケティングの仕事内容や必要なスキルを解説 - パソナ,https://x-tech.pasona.co.jp/media/detail.html?p=2229
デジタルマーケティングのコツ,4,デジタルマーケティングに向いている人の特徴とは？採用時の基準を解説,https://www.beerfroth.com/marketing-blog/digital-marketing-suitable-person/
デジタルマーケティングのコツ,5,デジタルマーケティングにおける企業の課題とは？解決策のポイントも解説,https://waltex.jp/digital-marketing-challenges-point/
デジタルマーケティングのコツ,6,デジタルマーケティングとは？成功させるための5つのコツ,https://dxpo.jp/college/front/digitalmarketing/degital-marketing.html
デジタルマーケティングのコツ,7,デジタルマーケティングとは？主な手法の種類や成功のコツを ...,https://blog.hubspot.jp/marketing/what-is-digital-marketing
デジタルマーケティングのコツ,8,デジタルマーケティング戦略の立案方法【基本編】,https://www.hitachi-solutions.co.jp/digitalmarketing/sp/column/dm_vol02/
デジタルマーケティングのコツ,9,【2025年最新】デジタルマーケティングとは|基本の手法12選 ...,https://bow-now.jp/media/column/digital_marketing/
デジタルマーケティングのコツ,10,デジタルマーケティングとは？10の手法と成功のポイントを ...,https://www.ebis.ne.jp/column/digital-marketing/
デジタルマーケティングのコツ,11,デジタルマーケティングとは？6つの手法について解説,https://www.seohacks.net/blog/9731/
デジタルマーケティングのコツ,12,デジタルマーケティングを基本から徹底解説！メリット、具体的 ...,https://www.shanon.co.jp/blog/entry/digital_marketing/
デジタルマーケティングのコツ,13,デジタルマーケティングの始め方！施策事例や手順をご紹介し ...,https://digima.cocoo.co.jp/media/dx-begin-step
デジタルマーケティングのコツ,14,顧客獲得のコツを徹底解説｜最適なデジタルマーケティング ...,https://sales-marker.jp/report/digital-marketing-tools
ベストのコーヒーブランド,1,ブランドコーヒー 人気ブランドランキング2025,https://bestpresent.jp/coffee/coffee_brand/
ベストのコーヒーブランド,2,世界で いちばんおいしい珈琲 パナマ・ゲイシャ 品評会 開催,https://prtimes.jp/main/html/rd/p/000000093.000042534.html
ベストのコーヒーブランド,3,ブランドコーヒー 人気ブランドランキング2025,https://bestpresent.jp/coffee/coffee_brand/
ベストのコーヒーブランド,4,コナコーヒーってなんだ？！｜allhawaiiオールハワイ,https://www.allhawaii.jp/article/1290/
ベストのコーヒーブランド,5,コーヒー業界の世界市場シェアの分析 | deallab - ディールラボ,https://deallab.info/coffee/
ベストのコーヒーブランド,6,シアトルズベストショップ,https://seabestshop.com/
ベストのコーヒーブランド,7,Seattle's Best Coffee Japan | シアトルズベストコーヒー,https://www.jrff.co.jp/seabest/
ベストのコーヒーブランド,8,【徹底比較】コーヒー粉のおすすめ人気ランキング【2025年】,https://my-best.com/11737
ベストのコーヒーブランド,9,【厳選】コーヒーが美味しい国ランキング11選！人気の産地を ...,https://coffee-labo.co.jp/coffee-delicious-country-ranking?srsltid=AfmBOor0nhNcZZd9gYSfDZI1xeBNhfH_NuZ70GsT8nVMMN2B-dB1Iy8C
ベストのコーヒーブランド,10,【徹底比較】コーヒー豆のおすすめ人気ランキング【美味しいのは ...,https://my-best.com/458
ベストのコーヒーブランド,11,【楽天市場】ベストコーヒー通販の通販,https://search.rakuten.co.jp/search/mall/%E3%83%99%E3%82%B9%E3%83%88%E3%82%B3%E3%83%BC%E3%83%92%E3%83%BC%E9%80%9A%E8%B2%A9/
ベストのコーヒーブランド,12,【2025年1月】香りの良いおすすめ人気コーヒーランキング16選！,https://coffee-labo.co.jp/recommended-aromatic-coffee?srsltid=AfmBOopF60rUTXSShxSp357z8hZ4XBsSPy5r6V-QyaQFVOWwllfIbANR
ベストのコーヒーブランド,13,Seattle's Best Coffee Japan | シアトルズベストコーヒー,https://www.jrff.co.jp/seabest/happy-bag-2025-sample/
投資戦略,1,3分でわかる！今日の投資戦略〔平日毎朝8時掲載〕 | 楽天証券 ...,https://media.rakuten-sec.net/category/3minutes
投資戦略,2,不動産投資用語：投資戦略の意味 - 健美家,https://www.kenbiya.com/keywords/%E6%8A%95%E8%B3%87%E6%88%A6%E7%95%A5/
投資戦略,3,窪田 真之 | トウシル 楽天証券の投資情報メディア,https://media.rakuten-sec.net/list/authors/article?author_name=%E7%AA%AA%E7%94%B0+%E7%9C%9F%E4%B9%8B
投資戦略,4,投資戦略 - 日本協創投資,https://www.nfji.co.jp/investment_styles/strategy/
投資戦略,5,ヘッジファンド - 大和アセットマネジメント,https://www.daiwa-am.co.jp/guide/term/ha/hedge_2.html
投資戦略,6,投資戦略,https://www.nfji.co.jp/investment_styles/strategy/
投資戦略,7,最高の投資戦略とは何か？,https://sogohorei-books-wealthinvest.com/chapter2/section8
投資戦略,8,厳しい投資環境下、今後の投資戦略を考える | J.P.モルガン ...,https://am.jpmorgan.com/jp/ja/asset-management/per/funds/jpm-best-income/column/column20220725/
投資戦略,9,投資戦略の基本「分散投資」とは | auのiDeCo(イデコ),https://ideco.kddi-am.com/learn/study/s0003/
投資戦略,10,グローバル時代の投資戦略 | マーケット情報,https://www.am.mufg.jp/report/senryaku/
投資戦略,11,日本株投資戦略,https://go.sbisec.co.jp/media/report/dom_senryaku/
投資戦略,12,投資戦略の発想法: ゆっくり確実に金持ちになろう | 木村 剛 |本,https://www.amazon.co.jp/%E6%8A%95%E8%B3%87%E6%88%A6%E7%95%A5%E3%81%AE%E7%99%BA%E6%83%B3%E6%B3%95%E2%80%95%E3%82%86%E3%81%A3%E3%81%8F%E3%82%8A%E7%A2%BA%E5%AE%9F%E3%81%AB%E9%87%91%E6%8C%81%E3%81%A1%E3%81%AB%E3%81%AA%E3%82%8D%E3%81%86-%E6%9C%A8%E6%9D%91-%E5%89%9B/dp/4062104776
コーディングチュートリアル,1,Shin Coding Tutorial,https://www.youtube.com/channel/UCNTxclE0N4qsUuirssL_D8w
コーディングチュートリアル,2,CSSチュートリアル8選｜脱初心者を目指す人に超おすすめ！,https://www.sejuku.net/blog/108625
コーディングチュートリアル,3,Appleで学ぶコーディング,https://developer.apple.com/jp/learn/
コーディングチュートリアル,4,【初心者向け】Cursor AI チュートリアル：コードを書くのが苦手な ...,https://note.com/kaito_ishizuka/n/n9277b2ae9da0
コーディングチュートリアル,5,【模写コーディング】おすすめの練習サイト【入門編～上級編】,https://code-jump.com/coding-recommend/
コーディングチュートリアル,6,正しいコーディングの手順をレクチャー｜HI-ROKI - note,https://note.com/hi_roki/n/n4e889089c4d0
コーディングチュートリアル,7,プログラミングとの違い・求めらるスキル・効果的な学習方法を解説,https://www.moreworks.jp/guides/445
コーディングチュートリアル,8,Unity でのコーディングを始めよう,https://learn.unity.com/tutorial/get-started-with-code-in-unity-jp?language=ja
コーディングチュートリアル,9,チュートリアル - MDN Web Docs - Mozilla,https://developer.mozilla.org/ja/docs/Web/Tutorials
コーディングチュートリアル,10,ウェブサイトチュートリアル,https://www.youtube.com/playlist?list=PLT5klp7W4r8R71_D_97zUKIEDmLHBLY3u
コーディングチュートリアル,11,【HTML/CSS コーディング練習】入門編：プロフィールサイト,https://code-jump.com/profile-menu/
体重を減らす方法,1,早く体重を減らしたい！ 新陳代謝UPのためのシンプルな ...,https://www.yomiuri.co.jp/otekomachi/20181123-OKT8T115175/
体重を減らす方法,2,医師が教えます 健康的で効果的なダイエットのしかた - NHK,https://www.nhk.or.jp/radio/magazine/article/nradi/nra20230630.html
体重を減らす方法,3,効果的に脂肪を燃焼させる方法 - タニタ,https://www.tanita.co.jp/magazine/column/5256/
体重を減らす方法,4,1番早く痩せる方法：2024年5月6日｜マーレジム(MARE GYM)のブログ,https://beauty.hotpepper.jp/kr/slnH000703525/blog/bidA076759371.html
体重を減らす方法,5,1ヶ月で何キロダイエットできる？無理なく成功するためのコツを解説,https://www.miss-paris.co.jp/article/diet/2613/
体重を減らす方法,6,健康的に体重を減らすには,https://www.tanita.co.jp/magazine/column/4811/
体重を減らす方法,7,効果的に体重を落とすには？10のコツを専門家が解説,https://www.harpersbazaar.com/jp/beauty/diet-fitness/g45369586/how-to-lose-weight-fast-231006-hns/
体重を減らす方法,8,一気に体重を落とす方法16選！一気に痩せるダイエットのコツ ...,https://baumclinic.jp/column/weight-lose-howto/
体重を減らす方法,9,本気で痩せたいけど何から始めたらいい？健康的に痩せる方法 ...,https://sasaki-iin.jp/diet/i-seriously-want-to-lose-weight/
体重を減らす方法,10,専門家による、安全に早く体重を減らす方法15,https://www.elle.com/jp/gourmet/gourmet-healthyfood/g60677958/lose-weight-fast-safely-24-0612/
体重を減らす方法,11,ダイエットの適切な方法は？減量を成功させるためのポイント ...,https://medipalette.lotte.co.jp/diet/3526
体重を減らす方法,12,医師が教えます 健康的で効果的なダイエットのしかた,https://www.nhk.or.jp/radio/magazine/article/nradi/nra20230630.html
体重を減らす方法,13,あと2キロだけ減らしたい！ 欲張りなあなたにこっそり教える ...,https://health.docomo.ne.jp/column/diet/0060
体重を減らす方法,14,体重を減らす方法16選！ 食事や運動、無理せず簡単に ...,https://www.curves.co.jp/column/931072/
